{
  "camera_matrix": [
    [
      4000.3021986937933,
      0.0,
      515.8659978564572
    ],
    [
      0.0,
      2618.1457600950484,
      579.3409543872675
    ],
    [
      0.0,
      0.0,
      1.0
    ]
  ],
  "dist_coeffs": [
    0.8857523960853175,
    -2.138375383810243,
    -0.005375171219969562,
    -0.06809423567365215,
    -0.969149629906385
  ],
  "image_width_px": 1920,
  "image_height_px": 1080,
  "rms": 1.522021,
  "homography": [
    [
      0.18587671346528628,
      8.446800577543897e-18,
      -136.80526111045072
    ],
    [
      0.002080826675747746,
      -0.2736287078608298,
      170.30734010325077
    ],
    [
      0.00011457284372934117,
      -4.462245320925082e-05,
      1.0
    ]
  ],
  "ref_px_points": [
    [
      736.0,
      628.0
    ],
    [
      999.0,
      630.0
    ],
    [
      1001.0,
      450.0
    ],
    [
      736.0,
      453.0
    ]
  ],
  "ref_mm_points": [
    [
      0.0,
      0.0
    ],
    [
      45.0,
      0.0
    ],
    [
      45.0,
      45.0
    ],
    [
      0.0,
      45.0
    ]
  ],
  "reprojection_error": 0.0
}