{
  "camera_matrix": [
    [
      1027.3080805334841,
      0.0,
      621.2955670481076
    ],
    [
      0.0,
      1027.0827830890746,
      638.7770945019679
    ],
    [
      0.0,
      0.0,
      1.0
    ]
  ],
  "dist_coeffs": [
    -0.08546514570811467,
    0.1401838536527738,
    -0.002113250652370558,
    0.008329622088631276,
    -0.14649513376445378
  ],
  "image_width_px": 1280,
  "image_height_px": 1080,
  "rms": 0.741059,
  "homography": [
    [
      0.8130109531700759,
      0.03067965861019161,
      -149.31789845580226
    ],
    [
      -0.01597171713445444,
      -0.814557573857173,
      427.00385758963756
    ],
    [
      -0.0010909227655789386,
      0.00029861353461709027,
      1.0
    ]
  ],
  "ref_px_points": [
    [
      164.0,
      521.0
    ],
    [
      215.0,
      520.0
    ],
    [
      166.0,
      468.0
    ],
    [
      216.0,
      470.0
    ]
  ],
  "ref_mm_points": [
    [
      0.0,
      0.0
    ],
    [
      45.0,
      0.0
    ],
    [
      0.0,
      45.0
    ],
    [
      45.0,
      45.0
    ]
  ],
  "reprojection_error": 0.0
}