{
  "camera_matrix": [
    [
      2534.4361226697492,
      0.0,
      824.0795066716706
    ],
    [
      0.0,
      1686.2239418686936,
      596.577888854667
    ],
    [
      0.0,
      0.0,
      1.0
    ]
  ],
  "dist_coeffs": [
    0.46354057077368443,
    -3.479071564332959,
    0.0073324761229195505,
    -0.00789210808117556,
    9.278227351129091
  ],
  "image_width_px": 1920,
  "image_height_px": 1080,
  "rms": 0.913294,
  "homography": [
    [
      0.17766627197947987,
      0.020304716797654873,
      -174.1180227190897
    ],
    [
      0.01308405951940112,
      -0.26570705485553064,
      129.86331659452372
    ],
    [
      4.614722466245042e-05,
      -1.1732292665178684e-05,
      1.0
    ]
  ],
  "ref_px_points": [
    [
      919.0,
      534.0
    ],
    [
      1183.0,
      547.0
    ],
    [
      1204.0,
      370.0
    ],
    [
      939.0,
      359.0
    ]
  ],
  "ref_mm_points": [
    [
      0.0,
      0.0
    ],
    [
      45.0,
      0.0
    ],
    [
      45.0,
      45.0
    ],
    [
      0.0,
      45.0
    ]
  ],
  "reprojection_error": 0.0
}