{
  "camera_matrix": [
    [
      962.6859544301805,
      0.0,
      624.438198580454
    ],
    [
      0.0,
      951.9669715421588,
      639.0774104535933
    ],
    [
      0.0,
      0.0,
      1.0
    ]
  ],
  "dist_coeffs": [
    0.17096729378841136,
    -0.49357069500429185,
    -0.0046977949406559905,
    -0.0022566310661551545,
    0.36610445994623797
  ],
  "image_width_px": 1280,
  "image_height_px": 1080,
  "rms": 0.77543,
  "homography": [
    [
      0.6442176237199024,
      -0.08052720296498779,
      -35.75407811645462
    ],
    [
      0.014546368298446192,
      -0.6691329417285228,
      236.75669042550945
    ],
    [
      -0.0002485750398565278,
      -0.0008598430438837291,
      1.0
    ]
  ],
  "ref_px_points": [
    [
      100.0,
      356.0
    ],
    [
      146.0,
      357.0
    ],
    [
      94.0,
      308.0
    ],
    [
      143.0,
      310.0
    ]
  ],
  "ref_mm_points": [
    [
      0.0,
      0.0
    ],
    [
      45.0,
      0.0
    ],
    [
      0.0,
      45.0
    ],
    [
      45.0,
      45.0
    ]
  ],
  "reprojection_error": 0.0
}